{"stats":{"minecraft:custom":{"minecraft:jump":26,"minecraft:time_since_rest":1035,"minecraft:leave_game":1,"minecraft:sprint_one_cm":1735,"minecraft:play_time":1035,"minecraft:time_since_death":1035,"minecraft:walk_one_cm":1369,"minecraft:total_world_time":1035,"minecraft:fall_one_cm":418,"minecraft:drop":1,"minecraft:fly_one_cm":3580},"minecraft:dropped":{"minecraft:dirt":1},"minecraft:picked_up":{"minecraft:dirt":3},"minecraft:mined":{"minecraft:grass":2,"minecraft:grass_block":2},"minecraft:used":{"minecraft:dirt":2}},"DataVersion":2975}